UNITNO,LOCATION,TYPE,EASTING,NORTHING
84,BRADLEY NEW BRIDGE,Road Bridge,410590,536186
84.1,BRADLEY OLD BRIDGE,Road Bridge,410592,536221
85,BRANCEPETH BRIDGE,Road Bridge,422073,537777
87,BRIDGE INN BRIDGE,Road Bridge,410262,538395
88,BROADWOOD BRIDGE,Road Bridge,413318,545488
91,BROWNEY BRIDGE,Road Bridge,426665,538213
92,BROWNEY BURN BRIDGE,Road Bridge,413506,545190
93,BURN CULVERT,Culvert,419300,535140
94,BURNFOOT BRIDGE,Road Bridge,388528,538115
100,BURTREEFORD BRIDGE,Road Bridge,385380,540534
101,BUTSFIELD NORTH BRIDGE,Road Bridge,409235,544888
102,BUTSFIELD SOUTH BRIDGE,Road Bridge,409373,544543
103,BUTSFIELD EAST BRIDGE,Road Bridge,411671,544811
105,BUTTERWICK BRIDGE,Road Bridge,437742,530689
106,BYERLEY HOUSE BRIDGE,Road Bridge,410493,544159
112,BLEACH HOUSE CULVERT,Culvert,435428,523218
120,CASTLE EDEN CULVERT,Culvert,444854,540407
123,CHAPMAN BRIDGE,Road Bridge,432071,540225
124,CHARE LANE BRIDGE,Road Bridge,434345,541099
125,CHESTER BURN NO.1 BRIDGE,Road Bridge,426771,551752
126,CHESTER BYPASS BRIDGE,Road Bridge,427807,551538
127,CHESTER DENE CULVERT,Culvert,427230,549710
129,CHESTER NEW BRIDGE,Road Bridge,428443,552283
130,CHESTER TOWN BRIDGE,Road Bridge,427433,551629
133,CLEATLAM BRIDGE,Road Bridge,412417,519853
135,COALFORD BRIDGE,Road Bridge,433349,543892
136,COALFORD LANE BRIDGE,Road Bridge,411366,543098
140,COCKEN FORD BRIDGE,Road Bridge,428055,547231
142,COMB NO.1 BRIDGE,Road Bridge,406016,548783
143,COMB NO.2 BRIDGE,Road Bridge,406040,548813
144,CONGBURN BRIDGE,Road Bridge,423477,549600
145,COPPER BRIDGE,Road Bridge,400426,534717
147,CORNFORTH MILL CULVERT,Culvert,431550,534788
148,CORONATION BRIDGE,Road Bridge,387243,538607
149,COUNDON CULVERT,Culvert,422967,530527
151,COWSHILL BRIDGE,Road Bridge,385587,540608
152,COWSLEY BRIDGE,Road Bridge,414768,541914
154,COXHOE FOUR MILE CULVERT,Culvert,431629,536434
155,COXHOE INN BRIDGE,Road Bridge,432703,534926
156,COXHOE RAILWAY BRIDGE,Road Bridge,432726,534915
159,CRIMDON CULVERT,Culvert,447807,537042
161,CROOK BRIDGE,Road Bridge,416696,535580
162,CROOK BURN BRIDGE,Road Bridge,378112,535797
164,CROW HOWLE BRIDGE,Road Bridge,410386,526377
165,CROXDALE BRIDGE,Road Bridge,426620,537837
166,CROXDALE ESTATE BRIDGE,Road Bridge,426620,537768
167,CUMMINGS BRIDGE,Road Bridge,418926,535349
168,CAUSEY GILL CULVERT,Culvert,420449,556009
169,CASTLE EDEN RAILWAY BRIDGE,Road Bridge,442266,537635
172,CROXDALE RAILWAY BRIDGE,Road Bridge,426705,537400
173,CLAYPATH BRIDGE,Road Bridge,427449,542601
181,DADDRYSHIELD NO.1 BRIDGE,Road Bridge,389571,538061
182,DADDRYSHIELD NO.2 BRIDGE,Road Bridge,389479,537920
183,DADDRYSHIELD NO.3 BRIDGE,Road Bridge,389475,537864
184,DALTON-LE-DALE BRIDGE,Road Bridge,440735,547897
188,DEADFRIARS BRIDGE,Road Bridge,396602,546427
189,DEERNESS BRIDGE,Road Bridge,422635,542099
192,DENE HOUSE BRIDGE,Road Bridge,409343,543526
194,DENTBURN BRIDGE,Road Bridge,421993,528401
199,DIAMOND BANK BRIDGE,Road Bridge,411054,525581
200,DIDDRIDGE BRIDGE,Road Bridge,413259,529953
202,DIRT PIT BRIDGE,Road Bridge,389110,529020
204,DRYBURN BRIDGE,Road Bridge,402159,536572
205,DUNLEY FORD BRIDGE,Road Bridge,413581,548007
207,DENEBURN BRIDGE,Road Bridge,408448,550388
217,EASTGATE BRIDGE,Road Bridge,395245,538741
218,EAST HETTON BRIDGE,Road Bridge,434275,536244
219,EAST HOWLE BRIDGE,Road Bridge,429551,533924
223,EDDYS BRIDGE,Road Bridge,403774,550878
224,EDEN VALE BRIDGE,Road Bridge,442657,537217
225,EDMONDBYERS BRIDGE,Road Bridge,401346,549647
226,EELS BECK BRIDGE,Road Bridge,411549,535629
227,EELS NOOK BRIDGE,Road Bridge,416459,533232
228,EGGLESBURN BRIDGE,Road Bridge,398868,523990
229,EGGLESHOPE GREAT BRIDGE,Road Bridge,398488,528756
230,EGGLESHOPE SMALL BRIDGE,Road Bridge,399134,529006
231,EGGLESTON BRIDGE,Road Bridge,399668,523227
232,EGGLESTON EAST BRIDGE,Road Bridge,400128,523513
233,EGGLESTON NORTH BRIDGE,Road Bridge,400179,523759
332,HEATHERY CLEUGH BRIDGE,Road Bridge,384507,541455
333,HEDRICK BRIDGE,Road Bridge,404989,521362
336,HERDSHIP BRIDGE,Road Bridge,381340,533723
339,HOLDFORTH BRIDGE,Road Bridge,434719,531378
340,HIGH FORGE BRIDGE,Road Bridge,422747,554209
342,HIGH REDBURN BRIDGE,Road Bridge,392547,543338
343,HINDON BRIDGE,Road Bridge,404983,524868
344,HISEHOPE BRIDGE,Road Bridge,404847,548443
345,HOGGERS GATE CULVERT,Culvert,430368,535455
346,HOLDFORTH RAILWAY BRIDGE,Road Bridge,434675,531436
347,HORDEN DENE CULVERT,Culvert,443949,543403
348,HORNDALE BRIDGE,Road Bridge,426949,525121
349,HORSE CLOSE LANE BRIDGE,Road Bridge,437558,534508
350,HORSLEY BRIDGE,Road Bridge,397501,538352
351,HORSLEYHOPE MILL BRIDGE,Road Bridge,406464,547382
354,HOUGHWELL BURN BRIDGE,Road Bridge,418873,553792
355,HOWDEN CULVERT,Culvert,428441,523317
356,HOWDEN-LE-WEAR BRIDGE,Road Bridge,416038,533376
357,HOWGILL BRIDGE (M-I-T),Road Bridge,393916,527460
358,HOWLEA BRIDGE,Road Bridge,411095,531958
360,HULAM BRIDGE,Road Bridge,416380,519838
361,HUMMERBECK BRIDGE,Road Bridge,418818,525446
362,HUNWICK BRIDGE,Road Bridge,418771,533333
363,HURWORTH BURN BRIDGE,Road Bridge,440767,533228
364,HUTS BRIDGE,Road Bridge,407819,528876
367,IRESHOPEBURN NO.2 BRIDGE,Road Bridge,386594,538668
368,INTAKE BRIDGE,Road Bridge,385005,530883
369,IRESHOPEBURN NO.1 BRIDGE,Road Bridge,386665,538708
370,HULERGILL BRIDGE,Road Bridge,395388,528642
377,JUBILEE BRIDGE,Road Bridge,420889,534330
386,KAYSBURN BRIDGE,Road Bridge,421504,545224
387,KAYSBURN CULVERT,Culvert,422285,545805
392,KILLHOPE BANK FOOT BRIDGE,Road Bridge,380832,543208
393,KILLHOPE MILL BRIDGE,Road Bridge,382459,543288
395,KNITSLEY BRIDGE,Road Bridge,411996,548212
396,KNITSLEY MILL BRIDGE,Road Bridge,411934,548112
407,LAMBTON BRIDGE,Road Bridge,428479,552228
408,LANCHESTER NO.1 CULVERT,Culvert,416628,547472
409,LANCHESTER NO.2 CULVERT,Culvert,416692,547420
234,ELMFORD BRIDGE,Road Bridge,386708,539504
235,ELMFORD LOW BRIDGE,Road Bridge,386655,539176
239,ELVET OLD BRIDGE,Road Bridge,427547,542419
240,NEW ELVET BRIDGE,Road Bridge,427612,542486
243,ETHERLEY DENE BRIDGE,Road Bridge,419458,528854
244,ETTERSGILL BRIDGE,Road Bridge,389362,528407
245,EVENWOOD BRIDGE,Road Bridge,414990,525763
246,EGGLESTONE ABBEY BRIDGE,Road Bridge,406616,514939
265,FERRYHILL CUT BRIDGE,Road Bridge,428492,532851
266,FIELDON NEW BRIDGE,Road Bridge,420453,526822
268,FISHBURN BRIDGE,Road Bridge,436147,531356
270,FLOATERS MILL BRIDGE,Road Bridge,431058,550829
272,FORCE FOOT BRIDGE,Road Bridge,382307,533331
273,FORTHBURN BRIDGE,Road Bridge,406447,520064
275,FRAMWELGATE BRIDGE,Road Bridge,427423,542431
279,MILBURNGATE BRIDGE,Road Bridge,427288,542639
281,FROSTERLEY BRIDGE,Road Bridge,402298,536851
286,LITTLEBURN RAILWAY BRIDGE,Road Bridge,425409,540136
291,GAUNLESS BRIDGE,Road Bridge,421334,529960
292,GAUNLESS CULVERT,Culvert,421344,530002
293,GERARDS BRIDGE,Road Bridge,414750,529967
295,GOAT BECK CULVERT,Culvert,424928,540060
296,GORCOCK BRIDGE,Road Bridge,414880,549792
297,GRANT BRIDGE,Road Bridge,415690,517548
301,GREENWELL FORD BRIDGE,Road Bridge,416557,546250
302,GREWBURN BRIDGE,Road Bridge,410048,525612
303,GROVE BRIDGE,Road Bridge,406654,529852
315,HAG BRIDGE,Road Bridge,395710,538438
316,HAMILTON ROW BRIDGE,Road Bridge,417654,540406
318,HARDWICK DENE CULVERT,Culvert,445110,540109
319,HARELAW BRIDGE,Road Bridge,405516,536869
322,HARTHOPE BURN BRIDGE,Road Bridge,388315,537802
323,HARMIRE BRIDGE,Road Bridge,405279,517876
325,HARWOOD BECK BRIDGE,Road Bridge,380305,534486
326,HASWICKS BRIDGE,Road Bridge,390911,538029
328,HAWK SIKE BRIDGE,Road Bridge,381425,534934
329,HAWTHORN DENE BRIDGE,Road Bridge,441566,544912
330,HOB GATE BRIDGE,Road Bridge,417602,519148
331,HEADLAM BRIDGE,Road Bridge,417926,518852
1,ALDIN GRANGE NEW BRIDGE,Road Bridge,424956,542938
2,ALDIN GRANGE OLD BRIDGE,Road Bridge,424954,542927
3,ALLENSFORD BRIDGE,Road Bridge,407682,550234
4,ALLERTON BRIDGE,Road Bridge,398963,539309
5,ALLERTON BURN BRIDGE,Road Bridge,398543,539605
8,ALWENT BRIDGE,Road Bridge,414947,518201
9,ALWENT MOOR BRIDGE,Road Bridge,413833,519667
11,ASHGILL HEADS NEW BRIDGE,Road Bridge,380803,535468
15,AYCLIFFE VILLAGE BRIDGE,Road Bridge,428615,522573
17,TRAVELLERS REST BRIDGE,Road Bridge,428624,524104
18,AYCLIFFE SCHOOL LANE BRIDGE,Road Bridge,426957,524003
26,BANKFOOT BRIDGE,Road Bridge,416177,536353
29,BARNARD CASTLE BRIDGE,Road Bridge,404803,516387
30,BAY BRIDGE,Road Bridge,395819,549925
32,BEADLES BRIDGE,Road Bridge,387836,530173
33,BECKSIDE BRIDGE,Road Bridge,405998,522579
34,BEDBURN BRIDGE,Road Bridge,410112,531570
35,BEDBURN SMALL BRIDGE,Road Bridge,410061,531622
36,BEECHBURN BRIDGE,Road Bridge,417066,531577
45,BILLY LANE BRIDGE,Road Bridge,405107,522498
50,BITCHBURN BRIDGE,Road Bridge,416467,533609
51,BLACK BECK BRIDGE,Road Bridge,406478,517631
52,BLACKBURN BRIDGE,Road Bridge,407215,533771
53,BLACK DENE BRIDGE,Road Bridge,427639,547961
54,BLACKHALL MILL BRIDGE,Road Bridge,412135,556837
56,BLACKTON MILL BRIDGE,Road Bridge,399481,524985
57,BLACKTON NEW BRIDGE,Road Bridge,398896,524938
58,BLACKTON OLD BRIDGE,Road Bridge,398823,524848
60,BLAKELEY BRIDGE,Road Bridge,411332,520420
62,BLANCHLAND BRIDGE,Road Bridge,396622,550269
64,BLEACHGREEN BURN CULVERT,Culvert,421833,545533
66,BLEAGILL BRIDGE,Road Bridge,391144,529907
67,BLUESTONE BRIDGE,Road Bridge,405460,519371
73,BOLLIHOPE BURN BRIDGE,Road Bridge,400579,534962
74,BOLLIHOPE FORD BRIDGE,Road Bridge,398601,535156
75,BOLLIHOPE QUARRY BRIDGE,Road Bridge,398514,535199
76,BOLTSBURN BRIDGE,Road Bridge,395760,549778
79,BOWBURN BRIDGE,Road Bridge,430639,537835
80,BOWLEES NEW BRIDGE,Road Bridge,390802,528023
81,BOWLEES OLD BRIDGE,Road Bridge,390810,528168
410,LANDS (COCKFIELD) BRIDGE,Road Bridge,416509,524994
411,LANDS (WEARDALE) BRIDGE,Road Bridge,391268,537806
412,LANGDON BRIDGE,Road Bridge,385043,532995
413,LANGDON BECK BRIDGE,Road Bridge,385358,531207
414,LANGLEY MOOR BRIDGE,Road Bridge,425478,540949
415,LANGLEY BECK BRIDGE,Road Bridge,407548,522355
416,LANGLEY LANE ENDS BRIDGE,Road Bridge,421641,545860
417,LANGTON BECK BRIDGE,Road Bridge,417443,519587
418,LEAD MILL BRIDGE,Road Bridge,408618,525019
419,LINBURN BRIDGE,Road Bridge,412145,530179
421,LITTLE NEWSHAM BRIDGE,Road Bridge,412561,517895
423,LOANING CULVERT,Culvert,440643,543527
424,LOCKS BRIDGE,Road Bridge,384930,539688
431,LOW MILL BRIDGE,Road Bridge,414310,544595
432,LOW WETHER HILL BRIDGE,Road Bridge,413907,529152
433,LUDWELL BRIDGE,Road Bridge,394298,538092
435,LUMLEY FORGE BRIDGE,Road Bridge,429946,550884
437,LATHERBRUSH RAILWAY BRIDGE,Road Bridge,420422,529149
451,MARLBECK BRIDGE,Road Bridge,395444,529236
452,MERRINGTON LANE BRIDGE,Road Bridge,428536,532658
453,MESS BRIDGE,Road Bridge,437754,529799
454,METAL BRIDGE,Road Bridge,430072,535003
455,MIDDLEHOPE BRIDGE,Road Bridge,389566,540846
456,MIDDLETON BRIDGE,Road Bridge,394661,525255
457,MIDDLETON TOWN BRIDGE,Road Bridge,394682,525675
458,MILL BRIDGE,Road Bridge,395245,547594
460,MORDON SOUTH SIDE BRIDGE,Road Bridge,434007,525434
462,MORTON TINMOUTH BRIDGE,Road Bridge,418706,520215
478,NANCY PASTURE FOOT BRIDGE,Road Bridge,382266,543348
481,NEVILLES CROSS RAILWAY BRIDGE,Road Bridge,426075,542215
482,NEWBIGGIN BRIDGE,Road Bridge,391457,527596
483,NEWBIGGIN SCHOOL BRIDGE,Road Bridge,391458,527832
484,NEWBIGGIN WOOD BRIDGE,Road Bridge,391496,527692
485,NEWHOUSE BRIDGE,Road Bridge,418940,542187
486,NEWHOUSE LANE NO.1 BRIDGE,Road Bridge,415652,548655
487,NEWHOUSE LANE NO.2 BRIDGE,Road Bridge,416267,548163
489,NEWTON CAP BRIDGE,Road Bridge,420512,530256
491,NICKY NACK BRIDGE,Road Bridge,426582,536497
1176,KELLOE BECK BRIDGE,Road Bridge,434703,536688
1178,STANLEY BURN BRIDGE,Road Bridge,420512,551798
1184,BOGLE HOLE BRIDGE,Road Bridge,413161,550108
1185,THORSGILL CULVERT,Culvert,404772,515091
1193,CLARA STREET BRIDGE,Road Bridge,441873,549519
1194,CORNELIA TERRACE BRIDGE,Road Bridge,442489,549475
1195,LOOP BRIDGE,Road Bridge,410503,526665
1201,SEAHAM SUBWAY,Subway,441956,549217
1203,FOLD HOUSE CULVERT,Culvert,416215,533924
1204,OUSTON LANE SUBWAY,Subway,425633,553372
1214,GREENHILLS BRIDGE,Road Bridge,439898,538379
1216,BROADWOOD (FROSTERLEY) BRIDGE,Road Bridge,403564,536891
1218,LANGLEY BECK CULVERT,Culvert,438006,535354
1219,NORTH BURNS BRIDGE,Road Bridge,427157,551650
1220,TOWN PASTURE LANE BRIDGE,Road Bridge,406844,517483
1221,EAST BECKSIDE COTTAGE BRIDGE,Road Bridge,406099,523069
1222,STOTERLEY HILL BRIDGE,Road Bridge,400781,548565
1223,GRANGE VILLA CULVERT,Culvert,423364,551651
1225,LOW LANE CULVERT,Culvert,415551,531468
1226,CHAIR LANE BRIDGE,Road Bridge,426528,536589
1232,HANDENHOLD SUBWAY,Subway,423989,553144
1233,GREENS BANK SUBWAY,Subway,423364,553073
1234,URPETH SUBWAY,Subway,422894,553315
1235,UNTHANK BRIDGE,Road Bridge,392067,526044
1237,HOWNSGILL FARM BRIDGE,Road Bridge,409942,549345
1238,BLACK BURN CULVERT,Road Bridge,408528,545449
1239,HAMSTEELS FAIRWAY BRIDGE,Road Bridge,419416,542117
1241,LEAZES BOWL SUBWAY,Subway,427652,542554
1242,BOGMA HALL FARM UNDERPASS,Underpass,431941,535052
1244,TURSDALE CULVERT,Culvert,430239,535170
1246,HOLDFORTH CULVERT,Culvert,421617,528742
1247,OLD PARK BRIDGE,Road Bridge,422900,533092
1248,WOODLANDS PLACE BRIDGE,Road Bridge,419062,541385
1249,ESHWOOD HALL CULVERT,Culvert,421950,541714
1251,HOLDFORTH EQUESTRIAN UNDERPASS,Underpass,421673,528777
1252,CROOK BECK BRIDGE,Road Bridge,416015,524491
1253,EBCHESTER STATION BRIDGE,Road Bridge,410653,554778
1255,METAL BRIDGE B/P RAILWAY BRIDGE,Road Bridge,430054,535107
510,OAKLEY CROSS BECK BRIDGE,Road Bridge,418243,526201
511,OAKLEY CROSS WEST BRIDGE,Road Bridge,417826,525943
512,OLDACRES CULVERT,Culvert,439576,529016
513,OLIVER FORD BRIDGE,Road Bridge,409611,547422
514,OLD IVESLEY LANE BRIDGE,Road Bridge,416923,541918
515,HOUSELOP BRIDGE,Road Bridge,409994,538908
531,PAGE BANK BRIDGE,Road Bridge,423412,535437
533,PAN BRIDGE,Road Bridge,412487,542407
534,PARK HOUSE PASTURE BRIDGE,Road Bridge,392734,538059
537,PELTON FELL BRIDGE,Road Bridge,425821,551642
539,PERCIVAL BRIDGE,Road Bridge,405194,518088
542,PITTINGTON BRIDGE (OLD),Road Bridge,432008,543490
543,PITTINGTON BECK BRIDGE,Road Bridge,431100,542380
544,PITTINGTON VILLAGE BRIDGE,Road Bridge,432503,544817
546,PONTBURN BRIDGE,Road Bridge,414642,556207
549,PRIESTBURN CULVERT,Culvert,419910,542268
551,PITY ME UNDERPASS,Underpass,426144,544948
561,RABY BECK BRIDGE,Road Bridge,412284,520398
562,RABY PARK BRIDGE,Road Bridge,413227,521548
563,RABY TERRACE BRIDGE,Road Bridge,382198,533327
566,REDBURN BRIDGE,Road Bridge,392657,542994
567,REDHOUSES BRIDGE,Road Bridge,411805,546128
570,ROOKHOPE BURN BRIDGE,Road Bridge,394364,541709
571,ROOKHOPE VILLAGE BRIDGE,Road Bridge,393811,542884
572,ROWLANDS GILL BRIDGE,Road Bridge,416827,558102
573,RUSHYFORD NO.1 CULVERT,Culvert,428347,528787
574,RUSHYFORD NO.2 CULVERT,Culvert,428289,528859
591,SACRISTON ROAD BRIDGE,Road Bridge,426000,544360
594,SAWMILL BRIDGE,Road Bridge,409600,544647
596,SCRIPTON BRIDGE,Road Bridge,423512,538827
599,SHALTERS BRIDGE,Road Bridge,428426,521697
601,SHERBURN HOUSE BRIDGE,Road Bridge,430620,541642
602,SHERBURN MILL BRIDGE,Road Bridge,431980,541790
604,SHITTLEHOPE BRIDGE,Road Bridge,400338,538477
606,SHOTTON MILL BRIDGE,Road Bridge,440836,538842
609,SLACK BRIDGE,Road Bridge,411333,525373
610,SLEDWICH BRIDGE,Road Bridge,409170,515264
611,SMAILSBURN BRIDGE,Road Bridge,394385,541545
612,SMELT MILL BRIDGE,Road Bridge,392331,542952
613,SNAISGILL BRIDGE,Road Bridge,395446,526951
614,SNIPE GATE BRIDGE,Road Bridge,410675,537443
616,SNOTTERTON BRIDGE,Road Bridge,411623,519762
617,SNOWS GREEN BRIDGE,Road Bridge,409639,553133
618,SNOWS GREEN BURN BRIDGE,Road Bridge,409205,553405
619,SOUTH CHURCH BRIDGE,Road Bridge,421900,528330
621,SPENNYMOOR CULVERT,Culvert,425830,533895
622,SPINFORD BRIDGE,Road Bridge,414687,521195
623,STAINDROP CHURCH BRIDGE,Road Bridge,413165,520694
624,STAINDROP MOOR BRIDGE,Road Bridge,412266,520419
625,STAINDROP TOWN BRIDGE,Road Bridge,413313,520734
626,STANHOPE TOWN BRIDGE,Road Bridge,399010,539316
627,STANHOPE WEAR BRIDGE,Road Bridge,398519,539084
628,STAGS HEAD BRIDGE,Road Bridge,411287,525285
630,STEELEY BURN BRIDGE,Road Bridge,411930,543711
631,STELLA GILL BRIDGE,Road Bridge,426076,551806
632,ST HELENS AUCKLAND BRIDGE,Road Bridge,418379,526634
633,STILLINGTON BRIDGE,Road Bridge,436096,522698
634,ST JOHNS BRIDGE,Road Bridge,407309,534307
635,ST JOHNS CHAPEL BRIDGE,Road Bridge,388442,537974
636,STOCKERLEY BRIDGE,Road Bridge,413818,548912
637,STONE BRIDGE,Road Bridge,425851,541441
638,STONY BRIDGE,Road Bridge,433889,531663
639,STONY BURN BRIDGE,Road Bridge,397617,550266
640,STOTFIELD BURN BRIDGE,Road Bridge,394161,542338
641,SUDBURN BRIDGE,Road Bridge,413789,520068
643,SUNDERLAND BRIDGE,Road Bridge,426521,537764
645,SUNDERLAND CLEUGH BRIDGE,Road Bridge,394557,540034
647,SWINHOPE BRIDGE,Road Bridge,389573,534648
652,THINFORD MILL BRIDGE,Road Bridge,430307,535071
653,THISTLEWOOD BRIDGE,Road Bridge,407801,538749
655,THORNHOPE BRIDGE,Road Bridge,406815,537786
657,THROSTLES NEST BRIDGE,Road Bridge,439372,539817
660,TRODBECK BRIDGE,Road Bridge,407829,537822
661,TROUGHS BRIDGE,Road Bridge,382227,534196
664,CORONATION GARDENS BRIDGE,Road Bridge,412423,520334
667,URPETH FORGE BRIDGE,Road Bridge,423498,554216
669,SHOTTON STATION BRIDGE,Road Bridge,439115,541228
675,WALLNOOK BRIDGE,Road Bridge,422127,545480
676,WARDLES BRIDGE,Road Bridge,421907,549020
677,WARRIORS BRIDGE,Road Bridge,417256,546909
678,WASHBECK BRIDGE,Road Bridge,410516,529533
679,WASKERLEY LANE ENDS BRIDGE,Road Bridge,407810,537288
680,WASKROW BRIDGE,Road Bridge,407687,537513
682,WATSONS BRIDGE,Road Bridge,390992,530222
683,WEARHEAD BRIDGE,Road Bridge,385835,539464
685,WEST AUCKLAND BRIDGE,Road Bridge,417280,526629
686,WEST BLACKDENE BRIDGE,Road Bridge,386639,539126
688,WEST BUTSFIELD BRIDGE,Road Bridge,410376,544421
689,WESTERNHOPE BURN BRIDGE,Road Bridge,393490,537808
690,WESTGATE BRIDGE,Road Bridge,390713,538046
691,WEST GRAIN BRIDGE,Road Bridge,387481,537194
692,WESTHOLME BRIDGE,Road Bridge,414080,517821
693,WESTWICK BRIDGE,Road Bridge,407216,515355
695,WHARNLEY BURN BRIDGE,Road Bridge,407365,549550
696,WHITEHILL GATE BRIDGE,Road Bridge,426283,551921
697,WHITE KIRKLEY BRIDGE,Road Bridge,402650,535981
698,WHITFIELD BRIDGE,Road Bridge,400170,534642
701,WHITWELL BECK BRIDGE,Road Bridge,429964,541274
702,WHORLTON SUSPENSION BRIDGE,Road Bridge,410666,514567
703,WHORLTON BECK BRIDGE,Road Bridge,410580,515248
704,WHORLTON VILLAGE BRIDGE,Road Bridge,410669,514983
705,SANDBED BRIDGE,Road Bridge,415715,527406
706,WILLINGTON NO.1 CULVERT,Culvert,421303,535442
706.1,WILLINGTON NO.2 CULVERT,Culvert,421190,535350
707,WILLINGTON GATE BRIDGE,Road Bridge,419459,535379
708,WILLOW GREEN BRIDGE,Road Bridge,404001,536941
709,WINGATE CULVERT,Culvert,440359,536763
710,WINSTON BRIDGE,Road Bridge,414256,516270
711,WITTON-LE-WEAR OLD BRIDGE,Road Bridge,414784,530726
712,WITTON PARK BRIDGE,Road Bridge,416976,530838
713,WOLSINGHAM BRIDGE,Road Bridge,407454,536854
715,WOODHAM BRIDGE,Road Bridge,428665,526655
716,WOODHAM BECK BRIDGE,Road Bridge,427592,525681
717,WOOLLY HILL BRIDGE,Road Bridge,404632,524904
720,WELLFIELD STATION BRIDGE,Road Bridge,440605,538255
731,YEKA BRIDGE,Road Bridge,400944,537515
788,SPRING LANE BRIDGE,Road Bridge,435320,528175
789,SANDS HALL BRIDGE,Road Bridge,434821,528394
790,CARRVILLE LINK BRIDGE,Road Bridge,429199,543846
799,CORNSAY COLLIERY CULVERT,Culvert,417110,543078
806,STOCKTON ROAD BRIDGE,Road Bridge,441384,542818
832,SMALLHOPE BURN BRIDGE,Road Bridge,416514,547834
833,TUTHILL RAILWAY BRIDGE,Road Bridge,438624,542058
846,SEDGEFIELD STATION BRIDGE,Road Bridge,433031,528359
857,SOUTH MOOR BRIDGE,Road Bridge,419099,551307
871,NUNSTAINTON CULVERT,Culvert,431742,528515
917,PODGEHOLE BRIDGE,Road Bridge,409325,529102
924,FIELDHOUSE NO.1 UNDERPASS,Underpass,440131,550674
926,NORTHLANDS BRIDGE,Road Bridge,427196,552651
927,SOUTH PELAW BRIDGE,Road Bridge,426873,552735
928,HIGH HANDENHOLD BRIDGE,Road Bridge,424359,553290
929,SHINCLIFFE RAILWAY BRIDGE,Road Bridge,429937,539382
931,FROSTERLEY RAILWAY BRIDGE,Road Bridge,402310,536893
932,SHERBURN STATION BRIDGE,Road Bridge,431428,542372
938,CASSOP GRANGE CULVERT,Culvert,431711,538840
941,SPENNYMOOR SUBWAY,Subway,426204,533649
943,LYNN TERRACE BRIDGE,Road Bridge,438387,539617
994,WITTON-LE-WEAR RAILWAY BRIDGE,Road Bridge,414340,531114
995,THE PONDS UNDERPASS,Underpass,414390,531003
996,WITTON-LE-WEAR NEW BRIDGE,Road Bridge,414534,530681
998,DAWDON DENE BRIDGE,Road Bridge,442154,548995
1008,HAMSTEELS NEW BRIDGE,Road Bridge,418019,542999
1015,STARTFORTH BRIDGE,Road Bridge,404779,516087
1016,LARTINGTON BRIDGE,Road Bridge,401499,517865
1017,COTHERSTONE BRIDGE,Road Bridge,401340,518960
1018,WILDEN BRIDGE,Road Bridge,400387,520610
1019,ROMALDKIRK BRIDGE,Road Bridge,399399,522261
1020,NORTH GILL BRIDGE,Road Bridge,399618,517542
1021,OSMOND BRIDGE,Road Bridge,399074,519707
1022,PELTON SUBWAY,Subway,424779,553073
1023,STANLEY NO.1 SUBWAY,Subway,419390,552567
1024,BRISCOE BRIDGE,Road Bridge,398077,519553
1025,HURY MILL BRIDGE,Road Bridge,396847,519577
1026,HUNDERTHWAITE BRIDGE,Road Bridge,398333,521075
1027,HOWGILL BRIDGE (HURY RES),Road Bridge,395662,519858
1028,HILLGILL HIGH BRIDGE,Road Bridge,394151,519558
1029,MILL BECK BRIDGE,Road Bridge,391457,526476
1030,CHANNEL BRIDGE,Road Bridge,390890,526786
1031,BEER BECK BRIDGE,Road Bridge,399464,522264
1032,CURRACK RIGG BRIDGE,Road Bridge,397930,521080
1033,HILLGILL LOW BRIDGE,Road Bridge,394304,519296
1034,DEEPDALE BRIDGE,Road Bridge,404568,516647
1035,BALDER BRIDGE,Road Bridge,400915,520030
1036,ICARON BECK BRIDGE,Road Bridge,397577,523398
1037,MICKLETON BRIDGE,Road Bridge,395906,524036
1038,CARLBECK BRIDGE,Road Bridge,392824,522801
1039,WEMMERGILL BRIDGE,Road Bridge,390021,521811
1040,HARGILL BRIDGE,Road Bridge,388511,521646
1041,GRAINS O' BECK BRIDGE,Road Bridge,386774,520755
1042,LUNE HEAD BRIDGE,Road Bridge,386639,520661
1043,RENNYGILL BRIDGE,Road Bridge,386381,520563
1044,NORBECK BRIDGE,Road Bridge,408435,510911
1046,RUTHERFORD BRIDGE,Road Bridge,403484,512170
1047,GILMONBY BRIDGE,Road Bridge,399573,513216
1048,OVINGTON BRIDGE,Road Bridge,413227,514722
1049,HUTTON MAGNA BRIDGE,Road Bridge,412676,512635
1050,WASHFOLD BRIDGE,Road Bridge,399567,517036
1051,GILL BECK BRIDGE,Road Bridge,406241,510493
1052,SCARGILL BRIDGE,Road Bridge,405274,510626
1053,GREEN GILL BRIDGE,Road Bridge,403716,511215
1054,STANG FOOT BRIDGE,Road Bridge,402673,509648
1055,MANIFOLD BRIDGE,Road Bridge,407374,514388
1056,ABBEY WEST BRIDGE,Road Bridge,406239,515223
1057,HIGH THORSGILL BRIDGE,Road Bridge,403562,514907
1058,CRAG BRIDGE,Road Bridge,399128,515482
1059,DOCKINFLAT BRIDGE,Road Bridge,402384,517063
1062,TUTTA BRIDGE,Road Bridge,408443,513362
1065,GRETA (OLD) BRIDGE,Road Bridge,408610,513167
1066,RUFFSIDE BRIDGE,Road Bridge,398343,551454
1069,JOCKS BRIDGE,Road Bridge,421418,530707
1098,LORD BYRONS WALK CULVERT,Culvert,441030,550420
1100,BURNHOPE WAY NO.2 SUBWAY,Subway,442809,540806
1101,ESSINGTON WAY SUBWAY,Subway,442780,540865
1102,SURTEES WAY NO.1 SUBWAY,Subway,443135,540776
1103,SURTEES WAY NO.2 SUBWAY,Subway,443135,540677
1105,ST CUTHBERTS ROAD NO.1 SUBWAY,Subway,443122,540605
1106,ST CUTHBERTS ROAD NO.2 SUBWAY,Subway,442886,540461
1107,BEDE WAY SUBWAY,Subway,442886,540596
1110,ROCK ROAD BRIDGE,Road Bridge,425351,532770
1112,WIGDAN WALLS BRIDGE,Road Bridge,418792,528548
1116,BUTSFIELD QUARRY BRIDGE,Road Bridge,409414,544562
1117,HUNWICK VICARAGE BRIDGE,Road Bridge,419336,532556
1118,BLUEBELL GARAGE SUBWAY,Subway,426458,525953
1119,LASCELLES AVENUE SUBWAY,Subway,426347,525785
1120,GREENLEE GARTH SUBWAY,Subway,426081,525526
1121,HALLINGTON HEAD SUBWAY,Subway,425896,525180
1122,GREENFIELD WAY CULVERT,Culvert,426072,524675
1123,WILLIAMFIELD WAY CULVERT,Culvert,426371,524670
1124,ELMFIELD PLACE SUBWAY,Subway,426745,524392
1125,SILVERDALE PLACE SUBWAY,Subway,426512,524977
1126,HAWKESHEAD PLACE SUBWAY,Subway,426591,525369
1127,MEADOWFIELD WAY SUBWAY,Subway,426482,525419
1128,BURNHILL WAY NO.1 SUBWAY,Subway,426928,525706
1129,CHURCH HILL BRIDGE,Road Bridge,416675,535710
1131,CLOSE HOUSE BRIDGE,Road Bridge,423310,527869
1133,GAS WORKS ARMCO CULVERT,Culvert,425925,533499
1137,MILL STREET BRIDGE,Road Bridge,416690,535651
1138,PITTINGTON ARMCO CULVERT,Culvert,432030,543420
1139,RUSHYFORD NO.3 CULVERT,Culvert,428237,528893
1143,KYO HEUGH BRIDGE,Road Bridge,417392,552916
1144,BARLEY HILL BRIDGE,Road Bridge,417540,552963
1147,BINCHESTER BRIDGE,Road Bridge,420925,532095
1150,RELLEY BRIDGE,Road Bridge,425412,541625
1152,BEAMISH BURN BRIDGE,Road Bridge,420557,554742
1153,SEDGEFIELD UNDERPASS,Underpass,434706,528854
1155,DARK LANE BRIDGE,Road Bridge,404368,516037
1162,CHESTER BURN NO.2 BRIDGE,Road Bridge,426667,551649
1163,WHIT BRIDGE,Road Bridge,396233,523842
1165,ELLER BECK BRIDGE,Road Bridge,396408,523926
1166,LANCE BRIDGE,Road Bridge,400793,518971
1169,RAVENSFORD BRIDGE,Road Bridge,411631,530004
1171,NEWTON CAP VIADUCT,Road Bridge,420610,530315
CS113,PETH BURN CULVERT (417165;546804),,417165,546804
CS114,LANGLEY PARK CULVERT (420380;545120),,420380,545120
CS115,WITTON GILBERT STATION CULVERT NO 1 (421760;545187),,421760,545187
CS116,WITTON GILBERT STATION CULVERT NO 2 (421960;545209),,421960,545209
CS117,LODGE FARM CULVERT NO 2 (423640;544391),,423640,544391
CS118,LODGE FARM CULVERT NO 1 (423307;544584),,423307,544584
CS119,BEARPARK RECLAIMATION SITE CULVERT NO 1 (424096;543818),,424096,543818
CS120,BEARPARK RECLAIMATION SITE CULVERT NO 2 (424216;543597),,424216,543597
CS121,BAXTER WOOD TANK AND CULVERT (425332;542288),,425332,542288
CS122,CAUSEY BURN CULVERT (420387;556044),,420387,556044
CS123,CAUSEY ARCH,,420126,555896
CS124,HESLEDEN EBONY STUD TUNNEL (444939;537705),,444939,537705
CS130,RAMSHAW CULVERT NO 1 (415481;526204),,415481,526204
CS131,RAMSHAW CULVERT NO 2 (416111;526313),,416111,526313
CS132,CROOK BECK CULVERT (416353;536236),,416353,536236
CS133,DEERNESS WALK CULVERT (418786;541091),,418786,541091
CS135,FLASS HALL CULVERT (420388;542500),,420388,542500
CS136,POND CULVERT (421856;542524),,421856,542524
CS137,GUTTER GILL CULVERT (424065;541667),,424065,541667
CS138,COOKE'S WOOD (424526;541416),,424526,541416
CS139,RELLY GILL CULVERT (424968;541448),,424968,541448
CS140,RUBBLE BRIDGE AND CASCADE (434512;529198),,434512,529198
CS141,SERPENTINE 2 (434614;528996),,434634,528996
CS142,LAKE DAM AND CASCADE (434236;529245),,434236,529245
CS143,BEACONSIDE CULVERT (438042;546847),,438042,546847
CS144,WATER GATE CULVERT (438418;547764),,438418,547764
CS145,SLINGLEY HILL EAST CULVERT (438697;548384),,438697,548384
CS146,HAVERLEY HOUSE BRIDGE (438921;548890),,438921,548890
CS147,SEATON GROVE BRIDGE (439418;549805),,439418,549805
CS148,SEATON GROVE CULVERT (439418;549836),,439418,549836
CS149,SEATON BANK BRIDGE (4397552;550374),,439752,550374
CS150,HART BUSHES HALL CULVERT (440824;534879),,440824,534879
CS151,EMBLETON OLD HALL CULVERT (440676;530922),,440676,530922
CS152,ELLER BECK CULVERT (396164;523782),,396164,523782
1258,WINSTON UNDERPASS,Underpass,413886,516878
1264,WISERLEY BRIDGE,Road Bridge,409152,533537
1267,SWAPE FOOT BRIDGE,Road Bridge,413506,526774
1268,RAMSHAW BRIDGE,Road Bridge,414942,526155
1269,BROADOAK DRIVE BRIDGE,Road Bridge,416137,547403
1271,PONT LANE CULVERT,Culvert,412560,552456
1273,HARDYS BRIDGE,Road Bridge,410592,549159
1279,CHESTER BUS STATION BRIDGE,Road Bridge,427292,551659
1280,RIVER TERRACE BRIDGE,Road Bridge,427559,551567
1284,BRANDON CLEUGH BRIDGE,Road Bridge,395020,541069
1285,SURTEES WAY NO.3 SUBWAY,Subway,443027,540862
1286,SAND SIKE BRIDGE,Road Bridge,384693,530961
1287,CANNEY HILL RAILWAY BRIDGE,Road Bridge,422326,529556
1291,CROW HOUSE BRIDGE,Road Bridge,438252,539672
1292,BYERS GREEN BRIDGE,Road Bridge,422088,534117
1300,BRACKEN HILL CULVERT,Culvert,440240,540464
1301,OAKERSIDE DRIVE SUBWAY,Subway,442121,539639
1302,ASH TREE SUBWAY,Subway,425321,534676
1305,RAKES BRIDGE,Road Bridge,388034,538940
1306,BURNHILL WAY NO.2 SUBWAY,Subway,426357,525152
1307,BURNHILL WAY NO.3 SUBWAY,Subway,426167,524850
1308,SOUTH CHURCH IND. ESTATE CULVERT,Culvert,421141,528007
1312,BROADGATE RAILWAY BRIDGE,Road Bridge,421239,542877
1313,BRUSSELTON SUBWAY,Subway,421973,525478
1314,BLANDFORD PLACE BRIDGE,Road Bridge,442722,549457
1315,MARLBOROUGH BRIDGE,Road Bridge,442546,549470
1317,TYNE ROAD BRIDGE,Road Bridge,419716,551647
1320,KNITSLEY LANE BRIDGE,Road Bridge,410833,550381
1328,WOODLANDS CLOSE RAILWAY BRIDGE,Road Bridge,440778,535544
1329,SHOTLEY BRIDGE STATION BRIDGE,Road Bridge,410327,553420
1330,ELM PARK ROAD BRIDGE,Road Bridge,410396,553269
1331,BYERS GREEN STATION BRIDGE,Road Bridge,422731,532751
1332,LUMLEY NEW BRIDGE,Road Bridge,428413,550859
1333,PIPELY BRIDGE,Road Bridge,396409,523623
1335,STANLEY NO.2 SUBWAY,Subway,419631,552681
1336,FIELDHOUSE NO.2 UNDERPASS,Underpass,440189,550585
1338,ARNISON CENTRE SUBWAY,Subway,427237,545861
1340,COACH LANE BRIDGE,Road Bridge,423440,545600
1341,GAUNLESS MILL RACE CULVERT,Culvert,421380,529976
1342,WALDRIDGE CULVERT,Culvert,425952,549581
1343,ROPERY LANE SUBWAY,Subway,428106,550880
1345,DAWDON RAILWAY BRIDGE,Road Bridge,443310,547250
1347,PEMBERTON BRIDGE,Road Bridge,441110,546720
1348,OLD QUARRINGTON BRIDGE,Road Bridge,431414,537586
1349,HEUGH HALL FARM,Road Bridge,431681,538483
1351,LUDWORTH CULVERT,Culvert,435353,541101
1358,BEAMISH TUNNEL,Road Bridge,422073,553596
1359,RICKNALL MILL BRIDGE,Road Bridge,429466,523943
1362,FIELDON SMALL CULVERT,Culvert,420570,526704
1363,TANFIELD CULVERT,Culvert,419350,554770
1365,SEAHAM DOCKS BRIDGE,Road Bridge,443373,548683
1366,PELTON LANE UNDERPASS,Underpass,426584,552402
1367,STATION LANE UNDERPASS,Underpass,425224,552270
1368,ESCOMB RAILWAY BRIDGE,Road Bridge,418792,529808
1370,QUEEN ALEXANDRA ROAD BRIDGE,Road Bridge,442738,548365
1371,BROOM MILL BRIDGE,Road Bridge,419209,526369
1372,HUNTSHIELD FORD,,388848,538132
1373,WATERGATE BURN CULVERT,Culvert,407708,548384
1374,LINTZFORD MILL BRIDGE,Road Bridge,414972,557196
1376,LEVELGATE CULVERT,Culvert,388177,538906
1379,COCKTON HILL RAILWAY BRIDGE,Road Bridge,420958,529166
1380,PEAK HOLE NO.1 CULVERT,Culvert,403164,509270
1381,BOLLIHOPE CULVERT,Culvert,398774,535115
1383,PEAK HOLE NO.2 CULVERT,Culvert,403173,509264
1384,NEW STRANGFORD ROAD CULVERT,Culvert,442174,549312
1385,TEMPEST ROAD CULVERT,Culvert,442405,549489
1386,BURNSIDE COTTAGES BRIDGE,Road Bridge,393375,542981
2002,WOLSINGHAM RAILWAY,Road Bridge,407419,536812
2003,SHITTLEHOPE RIVER BRIDGE,Road Bridge,400168,538300
2004,SHITTLEHOPE RAILWAY BRIDGE,Road Bridge,400074,538302
2005,CRAG NOOK RAILWAY,Road Bridge,398395,539019
2006,EASTGATE STATION RAILWAY BRIDGE,Road Bridge,395590,538537
2014,NORTH ROAD SEAHAM CULVERT,Culvert,442897,549802
2015,VANE TEMPEST CAR PARK,Culvert,442388,550436
2016,HAMSTERLEY MILL BRIDGE - A694,Road Bridge,411416,556505
814A,SEATON LANE WEST BRIDGE,Road Bridge,439941,550076
814C,SEATON LANE EAST BRIDGE,Road Bridge,440117,550097
F001,REDHILLS,Footbridge,425937,542661
F002,QUARRY HOUSE LANE,Footbridge,426028,542322
F008,STATION APPROACH,Footbridge,426973,542663
F026,BECKSIDE,Footbridge,413009,520707
F037,ROMAN AVENUE,Footbridge,427975,551171
F040,BRITON HALL,Footbridge,390417,537943
F060,EASTGATE,Footbridge,395243,538744
F062,EMMS HILL,Footbridge,409983,529381
F064,ELEMORE DENE,Footbridge,436023,544323
F083,HUMMERBECK FORD,Footbridge,418824,525386
F086,JACKSONS MILL,Footbridge,440922,543948
F106,PODGEHOLE,Footbridge,409349,529103
F110,RAVENSFORD,Footbridge,411628,529999
F121,SHULL,Footbridge,409322,533173
F146,WASKERLEY LANE ENDS,Footbridge,407811,537281
F152,WHORLTON,Footbridge,410669,515009
F165,SHITTLEHOPE,Footbridge,400216,538322
F192,LUTTERINGTON LANE,Footbridge,418521,525075
F229,FERRYHILL,Footbridge,428559,532562
F242,LEAZES,Footbridge,428013,542384
F259,THE MIDDLES,Footbridge,405991,546701
F275,BLEACH GREEN,Footbridge,415839,545256
F278,BOOZE WOOD,Footbridge,397742,519383
F297,CROXDALE HALL,Footbridge,427167,537907
F298,DAIRY,Footbridge,408472,514385
F303,HUNTSHIELD FORD,Footbridge,388850,538129
F306,EGGLESTONE PACK HORSE,Footbridge,406240,515217
F322,HAWTHORN BURN,Footbridge,442274,545155
F338,LOW LANE,Footbridge,407537,510656
F389,HANDLEY CROSS,Footbridge,414565,555845
F391,PONTBURN NO.1,Footbridge,414716,556149
F400,MILBURNGATE,Footbridge,427237,542647
F404,BATHS,Footbridge,427818,542500
F406,NORTHLANDS,Footbridge,427184,552403
F414,TENTERS STREET,Footbridge,420836,529879
F465,PITTINGTON STATION,Footbridge,432553,544925
F474,MOUSEY BURN,Footbridge,441012,534717
F497,SUNNY BLUNTS,Footbridge,442406,539692
F533,EBCHESTER,Footbridge,410329,555838
F553,RUTHERFORD HOUSE,Footbridge,403128,511776
F554,ETHERLEY DENE,Footbridge,419367,528768
F555,PEAK HOLE,Footbridge,403179,509273
F560,SEATON BURN,Footbridge,440710,549791
F566,SAYER HILL,Footbridge,385469,530212
F570,WISE HILL,Footbridge,404073,515865
F579,ST ANDREWS ROAD,Footbridge,421378,528410
F580,SOUTH CHURCH ROAD,Footbridge,421553,528644
F596,CROSS GILL,Footbridge,447330,538305
F608,DODD TERRACE,Footbridge,416786,550961
F615,EAST PARADE,Footbridge,411112,550629
F616,STATION TERRACE,Footbridge,411227,550772
F639,TORONTO,Footbridge,420032,530822
F644,HASWELL PLOUGH,Footbridge,436372,542084
F659,KIP HILL,Footbridge,420145,553825
F670,GATEWAY,Footbridge,440532,528357
F671,PENNYFERRY,Footbridge,427330,542872
F672,WEST FALL,Footbridge,385747,539655
F676,BROADGATE,Footbridge,421291,542746
F680,HIGHGATE,Footbridge,427078,542672
F681,SHIELD ROW,Footbridge,419973,553778
F685,HOWDEN LE WEAR,Footbridge,416471,533607
F686,COWSHILL,Footbridge,385590,540613
F696,SOUTH CHURCH (GAUNLESS),Footbridge,421905,528340
F697,FRAMWELGATE TOWPATH,Footbridge,427219,542434
F701,BAXTERS WOOD BRIDLE BRIDGE,Footbridge,425568,542505
CS001,NORTON FINE RAILWAY,,416787,526734
CS002,RIVER GAUNLESS NO 1,,416870,526742
CS003,RIVER GAUNLESS NO 2,,417004,526738
CS004,RAMSHAW CULVERT,,415150,525976
CS005,ABUTMENTS,,412497,525202
CS006,GAUNLESS VIADUCT,,412855,525230
CS007,STANLEY BECK,,417169,539259
CS008,WILLINGTON BURN,,419508,534584
CS009,ROUGH LEA,,419316,533775
CS010,HUNWICK GILL,,419274,532922
CS011,BLACKBIRD FARM,,419956,545172
CS012,MALTON,,417983,546303
CS013,SEWAGE WORKS,,417434,546661
CS014,THE NOOK,,416655,547231
CS015,ALDERDENE CULVERT,,416342,547514
CS016,WEST WOOD,,417392,540187
CS017,IVERSLEY,,417443,540355
CS018,PINE VILLAS NO1 DUTCH FORD,,419765,541799
CS019,PINE VILLAS NO2 DUTCH FORD,,419656,541756
CS020,MIDDLE NEWBIGGIN FARM,,414820,548004
CS021,HURBUCK (DODDS CASTLE ARCH),,414413,547985
CS022,HURBUCK CALVERT,,414219,548144
CS023,HIGH HAMSTERLEY,,413994,556033
CS024,WHITE BYERSIDE,,412408,556067
CS025,BROOMHILL DENE,,410884,555087
CS026,FOGOESBURN VIADUCT,,414802,556502
CS027,PONTBURN VIADUCT,,414553,556291
CS028,EBCHESTER BURN,,410928,555172
CS029,LINTZ GREEN LANE,,415028,556693
CS030,ROWLANDS GILL VIADUCT,,416674,558037
CS031,SCAIFE'S WOOD,,416582,557879
CS032,LOW FRIARSIDE FARM,,416189,557638
CS033,LOW FRIARSIDE,,415755,557312
CS034,PRIESTFIELD WOOD,,415284,556911
CS035,QUEENS ROAD,,410450,552898
CS036,OAKWOOD ROAD,,410266,552467
CS037,PARK AVENUE,,422582,529814
CS040,STOCKLEY,,421704,537649
CS041,OX CLOSE FARM,,421893,536764
CS042,PARK GILL,,421204,535984
CS043,LITTLE WHITE,,422586,538462
CS044,BRANCEPETH STATION,,421891,538155
CS045,STOCKLEY GILL CULVERT,,421825,538061
CS046,MIDDLE LODGE NO2,,422515,531092
CS047,COUNDON STATION,,422738,530288
CS048,HIGH PARK CULVERT,,422648,530557
CS049,HIGH PARK NO1,,422626,530624
CS050,HIGH PARK NO 2,,422600,530700
CS051,MIDDLE LODGE NO1,,422512,531042
CS052,LODGE FARM,,422543,531325
CS053,FOX RUSH WOOD NO1,,422585,531642
CS054,FOX RUSH WOOD NO2,,422604,531780
CS055,OLD PARK CULVERT,,422840,533214
CS056,FLASS LODGE,,420923,542871
CS057,BROOMPARK,,424529,541419
CS058,SLEETBURN VILLA,,424525,542110
CS059,USHAW MOOR JUNCTION,,421635,542743
CS060,FLASS GARDENS,,421023,542886
CS061,FLASS JUNCTION,,420163,542219
CS062,RIVER BROWNEY NO 1,,422761,544923
CS063,RELLY,,425257,541186
CS064,RIVER BROWNEY NO 2,,422546,545027
CS066,HURWORTH RAILWAY,,440941,533224
CS067,HURWORTH BURN RESERVOIR,,441091,533798
CS068,HURWORTH BURN CULVERT NO 1,,441101,533941
CS069,HURWORTH BURN CULVERT NO 2,,440822,534879
CS070,BALDER VIADUCT,,399570,520143
CS071,WILDEN BECK,,399473,520731
CS072,LUNE VIADUCT,,395892,524032
CS073,ICARON CULVERT,,397429,523128
CS074,NEWTON LODGE,,396193,523765
CS075,ROMALDKIRK NO 1,,399117,522234
CS076,BEER BECK CULVERT,,399107,522249
CS077,ROMALDKIRK NO 2,,399074,522298
CS080,COTHERSTONE COMMON,,401447,518880
CS081,LANCE BECK,,401368,518957
CS082,SCALEHOW RIGG,,400219,519697
CS083,HOWNSGILL VIADUCT,,409594,549017
CS084,CHARLTON HOWL,,407116,547517
CS087,FOX RUSH WOOD CULVERT,,422591,531692
CS088,OLD PARK CULVERT NORTH,,422806,533327
CS089,CULVERT NORTH OF ROUGH LEA NO 1,,419281,534028
CS090,CULVERT NORTH OF ROUGH LEA NO 2,,419284,534116
CS091,CULVERT NORTH OF OAKWOOD ROAD,,410343,552572
CS092,DELVES CULVERT,,411438,549182
CS093,FERN COTTAGE CULVERT,,410974,549272
CS094,SERPENTINE,,434443,528850
CS100,CENTURION CULVERT (420068;532245,,420068,532245
CS101,SEAGRAVES CULVERT (420410;530873),,420410,530873
CS102,HOLY BURN CULVERT (419282;534026),,419282,534026
CS103,BRIDGE (421702; 537647),,421702,537647
CS104,CULVERT (421786;537212),,421786,537212
CS105,LITTLEWHITE CULVERT (422208; 538378),,422208,538378
CS106,SCRIPTON GILL CULVERT (423143;538734),,423143,538734
CS107,CULVERT AND TANK (423504;539017),,423504,539017
CS108,RELLY BRIDGE OVER DEERNESS RIVER (425244;541185),,425244,541185
CS109,TINKERHILL GILL CULVERT (410343;552572),,410343,552572
CS110,SNOWS GREEN BURN CULVERT (410391;553295),,410391,553295
CS111,BYERSIDE BURN CULVERT (412684;555981),,412684,555981
CS112,JOCKSIDE BURN CULVERT (416187; 557636),,416187,557636
CS153,BRACKENBURY CULVERT (397427;523127),,397427,523127
CS154,MIDDLE HEADS CULVERT (409308;548457),,409308,548457
CS155,WATERGATE BURN CULVERT (408389;547701),,408389,547701
CS156,WHITEHALL CULVERT (408056;547733),,408056,547733
CS157,GREENSIDE CULVERT (406990;546924),,406990,546924
CS158,HART BURN CULVERT (406706;546266),,406706,546266
CS159,RESERVOIR (406446;544890),,406446,544890
CS160,RESERVOIR (400181;542620),,400181,542620
CS161,COXHOE BECK CULVERT (437170;536102),,437173,536102
CS162,GARMONDSWAY BRIDGE (434326;535018),,434326,535018
CS163,GARMONDSWAY ABUTMENT (434549;534973),,434549,534973
CS164,CRIMDON BECK CULVERT,,446991,537008
CS165,ELM PARK CULVERT,,410391,553295
55,BLACKLING BRIDGE,Road Bridge,405317,527539
186,DALTON VILLAGE BRIDGE,Road Bridge,441064,548160
317,HAMSTEELS OLD BRIDGE,Road Bridge,417938,542995
535,PARTRIDGE CLOSE BRIDGE,Road Bridge,414318,554957
608,SKEARS BRIDGE,Road Bridge,394800,527071
615,SNODBERRY BRIDGE,Road Bridge,393063,542848
1060,LOW THORSGILL BRIDGE,Road Bridge,404729,515084
1134,VINERS CLOSE ARMCO CULVERT,Culvert,425960,533159
1151,STARLING BRIDGE,Road Bridge,421417,554863
1346,PAGE BANK EAST BRIDGE,Road Bridge,422802,535728
1357,HEIGHINGTON STATION RAILWAY BRIDGE,Road Bridge,427180,521955
1369,EAST MELLWATERS BRIDGE,Road Bridge,396770,512850
1375,TUNSTALL BRIDGE,Road Bridge,406488,540529
1382,MALTON BRIDGE,Road Bridge,417877,546323
F009,KEVINS,PRoW Footbridge,403042,536743
F012,BISHOP MIDDLEHAM,PRoW Footbridge,434209,531194
F013,BLACKBURN,PRoW Footbridge,419811,545519
F015,BREWERY,PRoW Footbridge,417879,526511
F018,BROTHERLEE,PRoW Footbridge,392575,537878
F019,BURNHOPE BURN,PRoW Footbridge,385162,539235
F021,GAUNLESS,PRoW Footbridge,419638,526203
F022,ALLENSFORD,PRoW Footbridge,407472,550020
F023,ALWENT,PRoW Footbridge,413437,520050
F027,BELL HOUSE NO.1,PRoW Footbridge,412978,520078
F028,BIRKHOT,PRoW Footbridge,404204,547751
F453,LUMLEY FORD,Footbridge,428498,551395
F455,LUMLEY PARK,Footbridge,429530,550636
F457,POCKERLEY,Footbridge,422285,554797
F458,PAPERMILL COTTAGES,Footbridge,423100,553905
F463,BEARPARK HALL,Footbridge,424192,543966
F466,PITTINGTON COLLIERY,Footbridge,433622,544251
F467,STAND,Footbridge,432495,543129
F468,SHERBURN BECK NO.2,Footbridge,433185,541357
F469,RUNNING WATERS,Footbridge,433512,541343
F470,SHADFORTH SEWAGE FARM,Footbridge,433556,541090
F471,SPYALL COTTAGE,Footbridge,434283,543508
F477,EASTGATE MILL,Footbridge,395260,538932
F478,WODENCROFT,Footbridge,400851,520622
F479,ROKEBY,Footbridge,407200,513456
F480,WILSON HOUSE,Footbridge,408217,510891
F481,SCARGILL SCHOOL NO.1,Footbridge,403838,511243
F482,PECKNELL,Footbridge,402856,517675
F483,RAYGILL,Footbridge,408710,516632
F485,NABB,Footbridge,400149,515521
F488,PARK END,Footbridge,392732,525982
F489,UNTHANK,Footbridge,392188,526176
F490,MILL BECK,Footbridge,391733,526546
F492,HOLEBECK MILL NO.2,Footbridge,405763,536853
F493,HOLEBECK HOUSE NO.1,Footbridge,405534,536707
F494,SUNNYSIDE,Footbridge,405469,535933
F495,BROADWOOD,Footbridge,403937,536732
F496,THORNGATE,Footbridge,404901,515971
F498,LOW BEECHBURN,Footbridge,416427,534166
F500,BEECHBURN GRANGE,Footbridge,417077,531801
F501,GOOSE CROFT,Footbridge,406879,536862
F504,FOLD HOUSE,Footbridge,416143,533970
F505,SCOTCH ISLE,Footbridge,408959,536618
F506,THORNLEY BECK NO.2,Footbridge,412016,536844
F507,HOLEBECK HOUSE NO.2,Footbridge,405462,536423
F508,BRACKS WOOD,Footbridge,421787,529559
F509,BLAKELY NO.1,Footbridge,415477,532175
F510,BLAKELY NO.2,Footbridge,415166,531872
F511,BOTTOMS,Footbridge,425439,550742
F513,MILLERS HILL,Footbridge,407066,525330
F514,CAUSEY GILL,Footbridge,420309,556038
F515,CARDWELL,Footbridge,397226,512778
F029,BLACKTON LARGE,Footbridge,398929,524753
F030,BLACKTON SMALL,Footbridge,399051,524689
F031,CAULDRON SNOUT,PRoW Footbridge,381397,528755
F032,CHAPMAN BECK,PRoW Footbridge,431092,540738
F033,CORNSAY,PRoW Footbridge,416652,543074
F034,COTHERSTONE,PRoW Footbridge,401323,520199
F036,CROOKED OAK,PRoW Footbridge,405419,548672
F038,BOWLEES NO.1,PRoW Footbridge,391147,527489
F039,BOWLEES NO.2,PRoW Footbridge,391206,527368
F041,CLEATLAM,PRoW Footbridge,412255,517913
F044,COWSLEY,PRoW Footbridge,414888,542016
F045,COXHOE BECK NO.1,PRoW Footbridge,432301,534893
F046,COXHOE BECK NO.2,PRoW Footbridge,431201,534848
F050,CROW HOWLE NO.1,PRoW Footbridge,410800,526201
F053,DADDRYSHIELDS,PRoW Footbridge,389541,538061
F058,EAST HEDLEYHOPE NO.1,PRoW Footbridge,415604,540192
F059,EAST HEDLEYHOPE NO.2,PRoW Footbridge,415119,539925
F065,EMERSON HOUSE,PRoW Footbridge,410476,527281
F067,GLADDOW NO.1,PRoW Footbridge,413489,543202
F068,GROVE,PRoW Footbridge,406686,529997
F069,HARTHOPE MILL,PRoW Footbridge,410845,532201
F071,FLEMINGFIELD,PRoW Footbridge,438503,540723
F074,HARWOOD,PRoW Footbridge,381685,533229
F075,HAWTHORN DENE,PRoW Footbridge,441589,544926
F077,HEDLEY HILL,Footbridge,415106,542128
F080,GIBRALTAR POOL,PRoW Footbridge,394427,549077
F081,HINDON BECK,PRoW Footbridge,406414,525019
F082,HONEY BEE,Footbridge,407102,531243
F084,HUTTON HENRY,PRoW Footbridge,441588,537032
F085,IRESHOPEBURN,PRoW Footbridge,385925,538323
F087,KILL BANK,PRoW Footbridge,402022,549864
F088,LANGLEY BECK NO.1,PRoW Footbridge,438444,535438
F089,HEADSHOPE DENE NO.1,PRoW Footbridge,441684,537289
F090,HARPERLEY,PRoW Footbridge,411699,534556
F091,HUDESHOPE,PRoW Footbridge,394273,529505
F092,LINTZGARTH,PRoW Footbridge,392649,542940
F093,LITTLE THORPE,PRoW Footbridge,442776,542873
F094,LOW LANDS,PRoW Footbridge,413015,525117
F096,LOW MEADOWS NO.1,PRoW Footbridge,415037,548183
F097,LOW MEADOWS NO.2,Footbridge,414946,548444
F098,LOW ROW FORD,Footbridge,415911,542743
F103,NETTLESWORTH HALL NO.1,Footbridge,425141,548625
F108,RABBIT,Footbridge,411239,548336
F109,RARE DEAN,Footbridge,413075,542897
F111,RED WELLS,Footbridge,405850,517859
F112,ROOKHOPE,Footbridge,394146,542162
F113,ROWLEY,Footbridge,417627,542559
F115,SATLEY MILL,Footbridge,411757,543481
F116,SCOBERRY,Footbridge,391034,527351
F118,SHERBURN BECK NO.1,Footbridge,433089,541398
F120,SHOTTON,Footbridge,439313,540879
F122,SLIT WOOD NO.1,Footbridge,390617,538757
F123,SLIT WOOD NO.2,Footbridge,390593,538680
F125,SNOTTERTON,Footbridge,410901,519613
F126,STANHOPE DENE NO.1,Footbridge,398654,540369
F127,STANHOPE DENE NO.2,Footbridge,398672,540267
F128,STANHOPE DENE NO.3,Footbridge,398722,540102
F129,STANHOPE DENE NO.4,Footbridge,399059,539581
F134,LYNESACK,Footbridge,407585,525553
F136,ST JOHNS GREEN,Footbridge,423103,544970
F138,THORPE WOOD,Footbridge,442997,542784
F140,MIDDLE BLACKDENE,Footbridge,387714,538563
F143,TWIZELL,Footbridge,421647,551223
F145,WAPPING DENE,Footbridge,441026,539796
F147,WESTGARTH FARM,Footbridge,410835,524501
F154,WISE EEL,Footbridge,403311,536094
F157,WYNCH,Footbridge,390383,527898
F158,CARRVILLE LINK,Footbridge,428312,542919
F161,BOWES CLOSE,Footbridge,414437,526634
F162,WARREN WALLS,Footbridge,385946,538354
F164,FOXTON NO.2,Footbridge,436730,524440
F166,HIGH SHITTLEHOPE,Footbridge,400538,538620
F167,PONDERLANE,Footbridge,388507,538231
F168,CLAYPOOL BECK,Footbridge,442072,535173
F170,CROOK BECK NO.1,Footbridge,415960,524343
F172,GORDON BECK,Footbridge,413924,526687
F175,WEST COMMON,Footbridge,441785,535800
F178,LOWBURN,Footbridge,386755,538711
F179,BEAMISH,Footbridge,422596,553916
F180,HEATHERYCLEUGH,Footbridge,384495,541404
F181,EAST BLACKDENE,Footbridge,388014,538297
F182,BELL HOUSE NO.2,Footbridge,412976,520100
F185,CONGBURN,Footbridge,422520,549459
F186,KAYSBURN,Footbridge,422421,545685
F187,WARLAND,Footbridge,421636,548675
F191,RENNY'S LANE,Footbridge,431342,543122
F193,NORTON FINE,Footbridge,416586,526927
F195,BOLTSBURN MINE,Footbridge,393755,542837
F196,BIRKS WOOD,Footbridge,407366,548785
F197,CRONKLEY,Footbridge,386212,529358
F198,PEAK FIELD,Footbridge,401299,536632
F200,SHERBURN HOUSE,Footbridge,430725,541735
F203,SILLS,Footbridge,411717,532178
F204,SLACK,Footbridge,411312,525381
F205,SOUTH BEDBURN,Footbridge,409509,531262
F211,STANHOPE,Footbridge,399362,539173
F215,BURTREEFORD NO.1,Footbridge,385178,540686
F216,BURTREEFORD NO.2,Footbridge,385004,540840
F217,BRADLEY MILL,Footbridge,410585,536531
F218,LOW HEDLEYHOPE,Footbridge,414998,540461
F219,FAIRY HOLES,Footbridge,400629,539233
F220,NORTH FARM,Footbridge,419798,544381
F221,ROWANTREE,Footbridge,387791,537384
F224,THORNHOPE BECK,Footbridge,407132,537902
F225,ROOKHOPE BURN,Footbridge,394393,541633
F226,MOOR HOUSE NO.1,Footbridge,390953,529812
F227,MOOR HOUSE NO.2,Footbridge,390964,529807
F228,MOOR HOUSE NO.3,Footbridge,390991,529655
F236,WESTGATE,Footbridge,390149,537989
F239,HARPERLEY PARK,Footbridge,413013,534148
F240,BRANDON CLEUGH,Footbridge,394693,540886
F241,AYCLIFFE,Footbridge,428783,523125
F243,PAGE BANK,Footbridge,424001,535889
F244,DIAMOND BANK,Footbridge,411065,525657
F245,COPLEY BENT,Footbridge,410710,525579
F247,BOLTSBURN FORD,Footbridge,393912,542987
F249,WEEDS,Footbridge,390621,538235
F250,WALDRIDGE,Footbridge,425786,549606
F251,WASKERLEY BECK,Footbridge,407023,538379
F252,BOLTSBURN NO.1,Footbridge,395343,547776
F253,WHITWELL BECK NO.1,Footbridge,430314,540423
F256,BOLTSBURN NO.2,Footbridge,395636,548304
F257,LUMLEY THICKS,Footbridge,430250,550752
F258,HORSLEYHOPE,Footbridge,406472,547587
F260,LEADMILL,Footbridge,405435,548857
F261,HAMSTEELS,Footbridge,418346,542924
F263,GORDON GILL,Footbridge,414362,526782
F264,GIBRALTAR FORD,Footbridge,394567,549250
F265,MAIDEN LAW,Footbridge,416387,548554
F267,BURNHOPE FELLPIT,Footbridge,419633,548309
F268,NURSINGFIELDS,Footbridge,421109,548717
F270,ALDERDENE,Footbridge,416332,547497
F271,BARNINGHAM,Footbridge,408460,510887
F273,BLACKTON NO.1,Footbridge,393327,518107
F274,BLACKTON NO.2,Footbridge,393716,518020
F276,BLEABECK,Footbridge,387414,528009
F277,BLIND BECK,Footbridge,394013,518731
F279,BRIGNALL MILL,Footbridge,404574,511267
F280,BROOM HILL,Footbridge,429830,536009
F283,BYERLEY HOUSE WOOD,Footbridge,410997,544537
F291,COOMBE,Footbridge,401272,511683
F292,COXHOE MILL,Footbridge,433216,535369
F293,CRAG,Footbridge,400180,516127
F295,CROOKS HOUSE,Footbridge,407629,510918
F296,CROSSTHWAITE,Footbridge,394140,525284
F299,DEEPDALE,Footbridge,403753,516517
F302,DRY BECK,Footbridge,386819,528064
F304,EAST LODGE,Footbridge,437040,534784
F305,EGGLESTONE ABBEY,Footbridge,406039,515163
F308,EVENWOOD MILL,Footbridge,415642,526035
F309,FLINT MILL,Footbridge,422569,554585
F310,FOXTON NO.4,Footbridge,437652,525068
F311,FOXTON NO.3,Footbridge,437427,524868
F312,GALLEY LAW,Footbridge,438583,532055
F313,GARDEN OF EDEN,Footbridge,443898,539911
F314,GILMONBY,Footbridge,399955,512979
F315,GOLF COURSE,Footbridge,436020,541591
F317,GREEN LANE,Footbridge,431193,541888
F318,GUTTERS NORTH,Footbridge,403925,509997
F319,GUTTERS SOUTH,Footbridge,403970,509586
F320,HAGG,Footbridge,401299,520106
F321,HAYTHWAITE,Footbridge,405429,509043
F323,HESLEDEN DENE,Footbridge,443855,537683
F324,HOME FARM,Footbridge,436884,530615
F325,HORSESHOE WOOD,Footbridge,434383,543907
F327,HULAM LODGE NO.1,Footbridge,443044,537082
F328,HULAM LODGE NO.2,Footbridge,443078,536923
F329,HUTTON MAGNA,Footbridge,412515,512639
F331,KELTON,Footbridge,392308,521215
F332,LANGLEY BECK NO.2,Footbridge,437920,535473
F333,LITTLE HUTTON,Footbridge,414236,512433
F335,LITTLETOWN FARM,Footbridge,432953,543399
F336,LONGBOROUGH,Footbridge,407704,509775
F337,LOW COPELAW,Footbridge,429603,526473
F339,LOW WEST HOUSE,Footbridge,414088,539563
F342,SUNNY BROW,Footbridge,419975,533915
F344,BLACKHALL MILL,Footbridge,411743,556797
F345,SHOTLEY PAPERMILL,Footbridge,408458,551830
F346,STANLEY WOOD NO.1,Footbridge,420716,551782
F347,STANLEY WOOD NO.2,Footbridge,421264,551569
F348,OLD DURHAM,Footbridge,428599,541803
F351,STOCKLEY GILL,Footbridge,419476,538035
F352,MOOR BECK,Footbridge,412602,520303
F358,BECKSIDE MILL,Footbridge,419380,530061
F360,HIGH HOUSE WOOD,Footbridge,410812,548318
F361,MILL WOOD,Footbridge,427755,529441
F366,BLEACH GREEN FARM NO.1,Footbridge,424008,541626
F367,BLEACH GREEN FARM NO.2,Footbridge,424000,541563
F368,COOKES EAST WOOD,Footbridge,424541,541245
F369,PRESTON-LE-SKERNE,Footbridge,430394,524143
F372,THINFORD CLOSE,Footbridge,430367,534892
F373,STELL,Footbridge,430887,530922
F378,THE CARRS,Footbridge,433283,530101
F379,PARADISE FARM,Footbridge,431185,535964
F380,MILL RACE,Footbridge,433734,535726
F381,HOLBURN NO.1,Footbridge,419485,541603
F382,HOLBURN NO.2,Footbridge,419526,541690
F383,NICKY NACK,Footbridge,426531,536563
F384,EDDERACRES DENE,Footbridge,440592,539748
F385,EDDERACRES FARM,Footbridge,440242,539901
F386,PINFOLD,Footbridge,389378,537597
F387,WATERHOUSES COLLIERY,Footbridge,418520,540830
F388,BRYANS LEAP,Footbridge,417634,556983
F390,HAMSTERLEY PARK,Footbridge,414610,555667
F392,RELLEY MILL,Footbridge,425688,541858
F393,FLASS HALL FARM,Footbridge,420802,542435
F394,OUTBERRY BAT,Footbridge,388479,529550
F395,BANK TOP FARM,Footbridge,388363,530018
F396,SLEIGHTHOLME,Footbridge,395688,510649
F398,MIDDLE FORGE,Footbridge,422580,554069
F399,STONEDRASS,Footbridge,385262,539531
F405,PELAW WOOD,Footbridge,428570,542519
F410,RUMBY HILL COLLIERY,Footbridge,416407,534450
F411,SLEETBURN MILL,Footbridge,423429,541848
F412,NICKY NACK BECK,Footbridge,425941,537027
F415,PYE CLOSE,Footbridge,401954,535348
F418,SOUTH PARK,Footbridge,427706,537527
F421,OUSTERLEY FORD,Footbridge,419959,551181
F422,PEA WOOD,Footbridge,418397,553478
F423,NEW HOUSE,Footbridge,388691,529358
F425,SIX DAYS WORK,Footbridge,385533,539506
F426,LARTINGTON NO.1,Footbridge,401564,517600
F427,LARTINGTON NO.2,Footbridge,401430,517165
F428,WOLSINGHAM,Footbridge,406041,538059
F429,SUNNYSIDE FARM,Footbridge,405502,535698
F432,WILLINGTON NORTH DENE,Footbridge,419424,535589
F433,CHESTER MOOR,Footbridge,427351,549539
F434,HOLM HILL,Footbridge,427253,549304
F435,CROW HOUSE NO.1,Footbridge,438031,539645
F436,CROW HOUSE NO.2,Footbridge,438086,539833
F437,STONY BECK NO.1,Footbridge,390387,527762
F438,STONY BECK NO.2,Footbridge,390522,527721
F439,HOLLOWDENE,Footbridge,416603,534736
F440,THORNLEY BECK NO.1,Footbridge,412229,537073
F441,SHIELDROW COLLIERY NO.1,Footbridge,419143,553817
F442,SHIELDROW COLLIERY NO.2,Footbridge,419134,554011
F443,BYERS GREEN NO.1,Footbridge,422777,534027
F444,BYERS GREEN NO.2,Footbridge,422917,534057
F445,TUDHOE NO.1,Footbridge,425754,535197
F446,TUDHOE NO.2,Footbridge,425435,535029
F447,TUDHOE MILL,Footbridge,425256,535473
F448,TURSDALE BECK,Footbridge,429937,535583
F516,BLACK HURWORTH,Footbridge,441497,534261
F517,HEDLEYHOPE BURN,Footbridge,418919,542278
F518,COUNDON BURN,Footbridge,422979,530537
F519,BROOM,Footbridge,429423,531785
F520,FLOATERS MILL,Footbridge,431316,550721
F521,DEMESNE LANE,Footbridge,401830,519443
F523,LOW EWEHURST,Footbridge,414890,555546
F524,CROW HOWLE NO.2,Footbridge,410754,526225
F525,CROW HOWLE NO.3,Footbridge,410522,526279
F526,CROW HOWLE NO.4,Footbridge,410087,526584
F527,MONK HESLEDEN NO.1,Footbridge,445116,537177
F528,MONK HESLEDEN NO.2,Footbridge,445363,537112
F530,CROSSTHWAITE BECK,Footbridge,393409,525274
F531,HOLYWELL,Footbridge,425274,537273
F532,PARK,Footbridge,403879,514878
F534,BARFORTH CHAPEL,Footbridge,416352,516116
F536,ROSSLYN HOUSE,Footbridge,418573,526509
F537,LOW REDFORD,Footbridge,408019,530806
F538,HALL FARM,Footbridge,422701,534512
F539,ESCOMB FARM,Footbridge,419616,529537
F540,SEAHAM HALL,Footbridge,441939,550393
F541,VALENCE LODGE,Footbridge,385795,531293
F542,ISLAND FARM,Footbridge,433246,530383
F543,FLATTS WOOD,Footbridge,404587,516840
F544,RAVOCK CASTLE,Footbridge,394800,514772
F545,SPRINGWOOD,Footbridge,424212,535861
F546,BEAMISH HALL,Footbridge,420836,554647
F547,ROCK DENE,Footbridge,442547,549596
F548,WHITWELL BECK NO.2,Footbridge,429920,541349
F549,BILLINGSIDE WOOD,Footbridge,413276,553245
F550,CAUSEY MILL,Footbridge,420368,555171
F551,SCARGILL SCHOOL NO.2,Footbridge,403868,511194
F552,SIX LANDS WOOD,Footbridge,404280,511285
F556,SOUTH CHURCH NO.1,Footbridge,422077,528314
F557,SOUTH CHURCH NO.2,Footbridge,422343,528050
F558,MIDDLES END,Footbridge,406421,547233
F559,LYMINGTON,Footbridge,419075,541311
F562,NEWHOUSES,Footbridge,394524,519193
F563,PONTOP HALL,Footbridge,414969,553805
F564,THE HOLE,Footbridge,386017,538467
F567,SWINHOPEBURN,Footbridge,391028,537569
F568,STANHOPE DENE NO.5,Footbridge,398861,539877
F569,LYNN TERRACE,Footbridge,438478,539580
F571,HAWTHORN HIVE,Footbridge,444038,545930
F572,TWIZELL WOOD,Footbridge,422896,551452
F573,LEVELGATE SIKE,Footbridge,388051,538617
F574,RODDYMOOR NO.1,Footbridge,415543,537268
F575,LODGE FARM,Footbridge,421705,531316
F576,DEANERY,Footbridge,421654,528339
F577,COOPERATIVE TERRACE,Footbridge,407757,537464
F581,MIDDLETON BURN,Footbridge,394601,525341
F582,DELLWOOD,Footbridge,421399,529739
F583,OLD DURHAM COTTAGES,Footbridge,429323,541404
F584,TUDHOE NO.3,Footbridge,425906,534847
F585,TUDHOE COLLIERY,Footbridge,426328,535883
F588,THORNGARTH HILL,Footbridge,397253,519911
F589,WINDYSIDE,Footbridge,389972,537964
F590,DENE MOUTH,Footbridge,445514,540575
F591,FRIENDS MEETING HOUSE,Footbridge,401756,519431
F593,KEPIER QUARRIES,Footbridge,429254,544006
F595,LANGLEY PARK,Footbridge,421070,545392
F597,CRIMDON DENE,Footbridge,448617,536736
F598,SOUTH CAUSEY PARK,Footbridge,419561,555160
F602,HEIGHINGTON STATION COTTAGES,Footbridge,427094,522384
F603,WILLOUGHBY HALL,Footbridge,395545,518861
F604,ASHGILL BECK,Footbridge,381071,534822
F606,PONTBURN NO.2,Footbridge,414659,556177
F609,SALTWELL GILL,Footbridge,427372,539827
F610,THORNLEY COLLIERY,Footbridge,436803,539452
F611,SHIELD HURST,Footbridge,398468,541047
F612,STRUTHERS WOOD NO.1,Footbridge,414534,554799
F613,STRUTHERS WOOD NO.2,Footbridge,414608,554749
F614,OSMOND GLEN,Footbridge,399220,519968
F617,TILE SHED PLANTATION,Footbridge,433510,529482
F619,SKYER BECK,Footbridge,386793,528068
F620,TREES,Footbridge,397398,519098
F621,CAUSEY ARCH,Footbridge,420128,555897
F622,COOPER HOUSE,Footbridge,402373,519397
F624,CASSOP BOG,Footbridge,434203,538428
F625,DENEHURST,Footbridge,442293,545827
F626,NEWBIGGIN,Footbridge,391590,527154
F628,FOXTON NO.5,Footbridge,437824,525237
F629,HOLWICK HEAD,Footbridge,388903,528314
F630,HUNWICK,Footbridge,420308,532316
F631,OAKLEY GREEN,Footbridge,418529,526295
F634,RODDYMOOR NO.2,Footbridge,415850,537068
F637,HOPPER HOUSE,Footbridge,434664,526824
F638,PELAW WOOD BECK,Footbridge,428251,542428
F640,TURSDALE HOUSE,Footbridge,430018,536880
F641,LADLEY WOOD,Footbridge,404927,538580
F642,GREAT ISLE,Footbridge,430467,527023
F643,HOMER CARR,Footbridge,437883,526085
F645,HETT,Footbridge,427916,535958
F647,RODDYMOOR FARM,Footbridge,415525,536494
F648,STOCKLEY LANE,Footbridge,421447,537291
F649,WOODHAM FARM,Footbridge,428555,526846
F650,BRICK WORKS,Footbridge,427753,543567
F651,SEWAGE WORKS,Footbridge,427925,543405
F652,NEWFIELD,Footbridge,424422,551894
F654,SKERNE,Footbridge,433016,530018
F655,NETTLESWORTH HALL NO.2,Footbridge,425139,548486
F656,SACRISTON,Footbridge,424683,547924
F657,RAFFER DENE,Footbridge,435275,524309
F660,HASWELL,Footbridge,437577,542820
F661,FINCHALE,Footbridge,429649,547216
F662,HEADSHOPE DENE NO.2,Footbridge,441851,537350
F663,BECKSTONES WATH,Footbridge,397648,524210
F664,GLADDOW NO.2,Footbridge,413553,543306
F665,HENING SCAR,Footbridge,405141,511136
F668,OAKLEY CROSS,Footbridge,418031,526082
F669,STOCKLEY BECK,Footbridge,418573,538327
F673,CARRSIDES,Footbridge,429673,527356
F674,BOWES,Footbridge,398374,513099
F675,LEVY POOL,Footbridge,396796,515449
F682,KINGSGATE,Footbridge,427593,542107
F683,HORSLEY HEAD,Footbridge,396405,537378
F684,PRIMROSE SIDE FARM,Footbridge,423812,541356
F687,MIDDLES WOOD,Footbridge,420008,551840
F688,WHITE KIRKLEY,Footbridge,402423,535745
F689,KINGFISHER,Footbridge,428582,542044
F690,MIDDRIDGE GRANGE,Footbridge,424770,524945
F691,EGGLESTONE ABBEY NO.2,Footbridge,405783,515166
F692,WITTON DENE,Footbridge,423593,545323
F693,DIPTON,Footbridge,415765,554461
F694,OAKLEY GREEN NO.2,Footbridge,418379,526255
F695,KEPIER WOOD,Footbridge,429277,544447
F698,ESCOMB BRIDLEBRIDGE,Footbridge,419097,529624
F699,CRIME RIGG BRIDLEBRIDGE,Footbridge,435381,541478
F700,NABY,Footbridge,400720,517988
F702,COUNDON GRANGE,Footbridge,422564,528110
F703,POPLAR HOUSE FOOTBRIDGE,Footbridge,418399,529983
F704,LOW BARNS,Footbridge,416056,531752
F705,HIGH GARTH FARM,Footbridge,413853,531624
F706,CYCLEPATH REAR OF MIDDLEHAM WAY,,428316,526028
